taxonid,fullname,Author
1471,Abarbatia pistachia,
1473,Acanthina brevidentata,
1474,Acanthina lapilloides,
1477,Acanthina muricata,
1480,Acanthina tuberculata,
1487,Acera soluta,
1509,Acrosterigma flavum,
1510,Actaeopyramis natalensis,
1511,Acteocina avanaria,
1512,Acteocina belli,
1514,Acteocina meridionalis,
1516,Acteon punctocaelatus,
1517,Actinonaias carinata,
1521,Aeolidiella indica,
1522,Aequipecten circularis,
1523,Aequipecten gibbus,
1524,Aequipecten irradians,
1525,Aequipecten muscosus,
1534,Afrocominella capensis,
1536,Afrocominella turtoni,
1539,Amatholedonta bimunita,
1540,Afrodonta burnupi,
1543,Afrodonta inhluzaniensis,
1544,Afrodonta introtubertulata,
1546,Afrodonta perfida,
1547,Afrodonta unilamellaris,
1549,Afrorhytida burseyae,
1550,Afrorhytida knysnaensis,
1551,Afrorhytida kraussi,
1552,Afrorhytida trimeni,
1577,Amanea minor,
1579,Amblema costata,
1580,Amblema perplicata,
1582,Amblychilepas cheminitzii,
1587,Amesodesma angusta,
1588,Amnicola zonata,
1598,Amphidesma australe,
1601,Amphidesma ventricosum,
1607,Anachis atrata,
1608,Anachis burnupi,
1609,Anachis consanguinea,
1610,Anachis kraussi,
1612,Anachis lightfooti,
1614,Anachis sparsa,
1615,Anachis stimpsoni,
1616,Anachis troglodytes,
1617,Anachis veleda,
1628,Anadara ovalis,
1629,Anadara senilis,
1630,Anadara subcrenata,
1632,Anadara trapezia,
1637,Ancilla apicalis,
1638,Ancilla australis,
1641,Ancilla contusa,
1644,Ancilla glabrata,
1645,Ancilla marginata,
1647,Ancilla mucronata,
1648,Ancilla obesa,
1649,Ancilla oblonga,
1650,Ancilla obtusa,
1651,Ancilla optima,
1652,Ancilla reevei,
1653,Ancilla similis,
1654,Ancistrosyrinx radiata,
1655,Angaria atrata,
1658,Angaria laciniata,
1660,Angulus gaimardi,
1662,Angulus tenuis,
1663,Anisodiloma lugubris,
1672,Anomalocardia rostrata,
1676,Anomia descripta,
1684,Antigona lamellaris,
1688,Appisania crenilabrum,
1689,Appisania fasciculata,
1690,Appisania flammulata,
1691,Appisania strigata,
1699,Apollon gyrinus,
1700,Apollon perca,
1701,Apollon pusillus,
1703,Aporrhais occidentalis,
1707,Aptyxis luteopicta,
1709,Arca hawaiiensis,
1724,Arcopsis lactea,
1725,Arcopsis symmetrica,
1737,Aspastus multicocheilus,
1740,Aspella cellulosa,
1741,Aspella cellulosus,
1743,Aspergillum strangulatum,
1745,Assiminea umlaasiana,
1749,Lithopoma americana,
1750,Astraea andersoni,
1753,Astralium calcar,
1755,Astraea modestum,
1756,Astraea olfersi,
1759,Astraea tayloriana,
1760,Astraea tecta,
1761,Astraea triumphans,
1762,Lithopoma tuber,
1763,Megastraea undosa,
1765,Atractodea glabrata,
1772,Attiliosa sperata,
1773,Atys cylindrica,
1779,Austrocochlea odontis,
1780,Austrodrillia bairstowi,
1781,Austrodrillia burnupi,
1782,Austrodrillia diversa,
1784,Austrodrillia subcontracta,
1785,Austrodrillia thetis,
1786,Austrofusus alternatus,
1794,Austrosassia parkinsoniana,
1795,Austrotriton purkensoni,
1796,Austrovenus stutchburyi,
1801,Babylonia papillaris,
1803,Balylonia pintado,
1806,Barbatia coelata,
1812,Barbatia petasion,
1814,Barbatia plicata,
1819,Barnea costata,
1821,Barnea maritima,
1823,Baryspira australis,
1824,Baryspira mucronata,
1828,Bathyspira australis,
1832,Batillaria alexandri,
1833,Batillaria cumingii,
1835,Batillaria subcarinatus,
1837,Bedeva assisi,
1838,Bedeva hanleyi,
1844,Benthoclionella visagei,
1846,Beringius adelficus,
1847,Berthella granulata,
1851,Biplex jacundum,
1854,Bittium filosum,
1856,Bittium varium,
1862,Booneostrea rehderi,
1867,Buccinanops deformis,
1868,Buccinanops duartei,
1870,Buccinanops gradatus,
1871,Buccinanops uruguayanus,
1872,Buccinanops vittatum,
1874,Buccinulum lineum,
1876,Buccinulum strebeli,
1886,Bulinus tentaculata,
1894,Bulla quoyi,
1919,Bullina trophicus,
1920,Burnupena arcta,
1928,Burnupena tigrina,
1929,Burnupia capensis,
1931,Bursa californica,
1935,Bursa crumenoides,
1936,Bursa crumenoria,
1937,Bursa foliata,
1941,Bursa pustulosa,
1942,Bursa rana,
1947,Bursa semigranosa,
1953,Busycon coarctatum,
1956,Busycon spiratum,
1958,Cadulus booceras,
1960,Caecum nitidum,
1961,Calfridus speciosus,
1968,Calliostoma cunninghamii,
1969,Calliostoma doliarium,
1972,Calliostoma granulatum,
1977,Calliostoma monile,
1979,Calliostoma ornatum,
1980,Calliostoma papillosa,
1983,Calliostoma punctulatum,
1997,Callista purpurata,
1998,Callochiton castaneus,
2005,Camaena monochroa,
2008,Campeloma solida,
2009,Campeloma teniculum,
2010,Cancellaria assidiformis,
2011,Cancellaria cancellata,
2012,Cancellaria cassidaeformis,
2013,Cancellaria crispa,
2014,Cancellaria laticostata,
2020,Subcancilla circula,
2022,Ziba flammigera,
2023,Mitra incarnata,
2026,Canneotus mitriformis,
2028,Cantharidus bellulus,
2029,Cantharidus chlorostomus,
2030,Phasianotrochus eximius,
2031,Cantharidus fasciatus,
2033,Cantharidus irisodontes,
2034,Prothalotia lehmanni,
2038,Cantharidus rosea,
2039,Cantharidus striatus,
2041,Jujubinus suarezensis,
2042,Cantharidus undosus,
2043,Cantharidus unidentatus,
2044,Cantharus anomalus,
2045,Cantharus aurutula,
2046,Cantharus capitanea,
2049,Cantharus dorbignyi,
2055,Cantharus macrospira,
2056,Cantharus microspira,
2057,Cantharus mollis,
2058,Cantharus multiangulata,
2059,Cantharus multiangulus,
2062,Cantharus tinctus,
2064,Cantharus viverratus,
2065,Capitina calcicola,
2066,Capitina schaerfiae,
2067,Caporbis formosus,
2069,Caracolus caracolla,
2070,Caracolus excellens,
2072,Cardita ajar,
2074,Cardita mera,
2080,Cardium aculeatum,
2081,Cardium burnupi,
2083,Cardium dupuchense,
2084,Cardium echinatum,
2085,Cardium edule,
2086,Cardium egmontianum,
2087,Cardium flavum,
2088,Cardium ingratum,
2089,Cardium isocardia,
2090,Cardium lyratum,
2092,Cardium medium,
2094,Cardium muticum,
2095,Cardium norvegicum,
2096,Cardium nuttallii,
2097,Cardium procerum,
2098,Cardium pseudolima,
2099,Cardium racketti,
2100,Cardium retusum,
2101,Cardium ringens,
2102,Cardium rubicundum,
2104,Cardium ruthenicum,
2106,Cardium setosum,
2107,Cardium substriatum,
2109,Cardium turtoni,
2110,Cardium unedo,
2111,Carinodrillia haliplexa,
2112,Carunculina parva,
2113,Casmaria erinaceus,
2115,Cassidaria echinophora,
2119,Cassis bicarinata,
2123,Cassis granulatum,
2125,Cassis rufa,
2126,Cassis rugosa,
2130,Cassis zeylanica,
2135,Cavolinia trispinosa,
2137,Cecilioides gokweanus,
2139,Cellana argentatus,
2146,Scutellastra laticostata,
2151,Cellana redimiculum,
2159,Cepolis bonplande,
2161,Cerion alveare,
2163,Cerion dalli,
2164,Cerion importeil,
2167,Cerion mayardi,
2168,Cerion melanostomum,
2169,Cerion mumea,
2172,Cerion saloutori,
2180,Cerithidea negewischi,
2185,Cerithidiopsis fluviatilis,
2188,Cerithiopsis litteratum,
2190,Cerithium alexandri,
2191,Cerithium algicola,
2194,Cerithium articulatum,
2197,Cerithium bifasciatum,
2199,Cerithium chemnitzianum,
2202,Cerithium corallinum,
2209,Cerithium fulgata,
2210,Cerithium humilis,
2211,Cerithium irroratum,
2212,Cerithium literatum,
2214,Cerithium moniliferum,
2216,Cerithium muscarium,
2223,Cerithium sculptum,
2226,Cerithium tortulosus,
2229,Cerithium variabile,
2231,Cerithium vertagus,
2239,Chama cristata,
2240,Chama fibula,
2242,Chama iostoma,
2247,Chama pulchella,
2248,Chambardia petersi,
2251,Charis bicolor,
2253,Charonia capax,
2258,Charonia rubicunda,
2262,Charopa anguiculus,
2265,Charopa costulifera,
2271,Chicoreus bicolor,
2275,Chicoreus extraneous,
2277,Chicoreus foliatus,
2278,Chicoreus laciniatus,
2281,Chicoreus permesta,
2285,Chicoreus regius,
2287,Chicoreus stainforthi,
2291,Chione antapurpurea,
2295,Chione granulata,
2296,Chione guidia,
2298,Chione pectorina,
2299,Chione pubers,
2302,Radsia nigrovirescens,
2309,Chlamys aktinos,
2312,Chlamys circularis,
2314,Chlamys delicatula,
2316,Chlamys farreri,
2317,Chlamys flabellum,
2318,Chlamys fultoni,
2319,Chlamys gibbus,
2320,Chlamys gloriosa,
2322,Chlamys humilis,
2323,Chlamys irradians,
2325,Chlamys lemniscata,
2326,Chlamys leopardus,
2327,Chlamys lividus,
2329,Chlamys noblis,
2330,Chlamys nodosus,
2331,Chlamys opercularis,
2332,Chlamys pallium,
2333,Chlamys senatoria,
2334,Chlamys sentis,
2335,Chlamys septemradiatus,
2336,Chlamys squamata,
2338,Chlamys suprasilis,
2339,Chlamys swifti,
2340,Chlamys tigerina,
2342,Chlamys varia,
2343,Chlamys varius,
2344,Chlamys weberi,
2345,Chloritis radomphala,
2346,Chlorostoma nigerrima,
2347,Chondrocyclus alabastris,
2348,Chondrocyclus amathole,
2351,Chondrocyclus cooperae,
2352,Chondrocyclus devilliersi,
2354,Chondrocyclus herberti,
2356,Chondrocyclus kevincolei,
2357,Chondrocyclus langebergensis,
2358,Chondrocyclus meredithae,
2360,Chondrocyclus pondoensis,
2361,Chondrocyclus pulcherrimus,
2362,Chondrocyclus putealis,
2363,Chondrocyclus silvicolus,
2364,Chondrocyclus trifimbriatus,
2394,Clathrodrillia incisa,
2395,Clathrus clathrus,
2396,Clausilia septemplicata,
2398,Clavatula lobatopsis,
2411,Clionella taxea,
2412,Clionella tripartita,
2413,Clithon brevispina,
2414,Clithon corona,
2415,Clithon oualaniensis,
2416,Clivipollia fragaria,
2417,Closia algoensis,
2418,Closia aphanospira,
2419,Closia ovuliformis,
2421,Clypeomorus moniliferus,
2428,Cochlitoma bandeirana,
2429,Cochlitoma damarensis,
2430,Cochlitoma dimidiata,
2431,Cochlitoma fulica,
2432,Cochlitoma granularis,
2433,Cochlitoma immaculata,
2434,Cochlitoma kilburni,
2435,Cochlitoma limitanea,
2436,Cochlitoma machachensis,
2437,Cochlitoma semidecussata,
2438,Cochlitoma semigranosa,
2439,Cochlitoma ustulata,
2441,Cochlitoma vestita,
2442,Cochlitoma wigleyi,
2444,Codakia californica,
2445,Codakia divergens,
2447,Codakia myifera,
2452,Codakia similis,
2453,Codakia simplex,
2454,Codakia tigrina,
2460,Colina pingue,
2465,Colubraria alfredensis,
2474,Columbarium eastwoodae,
2477,Columbarium radiale,
2478,Columbarium rotundum,
2479,Columbella albuginosa,
2480,Columbella algoensis,
2485,Columbella brunnescens,
2486,Columbella choava,
2489,Columbella floccata,
2491,Columbella kraussi,
2493,Columbella lincolnensis,
2501,Columbella semiconvexa,
2503,Columbella speciosa,
2510,Columbella zebrina,
2516,Cominella alveolata,
2522,Cominella kingicola,
2531,Comus platyaulax,
2534,Conus abbreviatus,
2535,Conus achatinus,
2536,Conus acutangulus,
2537,Conus aemulus,
2538,Conus algoensis,
2539,Conus amadis,
2540,Conus anemone,
2547,Conus bairstowi,
2548,Conus betulinus,
2549,Conus biliosus,
2550,Conus brianhayesi,
2551,Conus brunneus,
2552,Conus californicus,
2554,Conus capitaneus,
2555,Conus caputserpentis,
2556,Conus catus,
2559,Conus cyanostoma,
2560,Conus distans,
2561,Conus ebraeus,
2563,Conus ermineus,
2564,Conus eucoronatus,
2565,Conus figulinus,
2566,Conus flavidus,
2567,Conus floridanus,
2568,Conus frigidus,
2569,Conus fulmen,
2570,Conus furvus,
2571,Conus generalis,
2572,Conus geographus,
2573,Conus gladiator,
2574,Conus glans,
2576,Conus gradatulus,
2577,Conus gubernator,
2578,Conus immelmani,
2579,Conus imperialis,
2580,Conus infrenatus,
2581,Conus iodostoma,
2582,Conus ione,
2583,Conus janus,
2586,Conus legatus,
2588,Conus litoglyphus,
2589,Conus litteratus,
2590,Conus lividus,
2591,Conus lohri,
2592,Conus magnificus,
2594,Conus maldivus,
2596,Conus miles,
2597,Conus miliaris,
2598,Conus milneedwardsi,
2600,Conus monachus,
2601,Conus monile,
2602,Conus mozambicus,
2603,Conus muriculatus,
2604,Conus mus,
2605,Conus musicus,
2606,Conus mustelinus,
2607,Conus namocanus,
2608,Conus natalis,
2609,Conus nimbosus,
2610,Conus nussatella,
2612,Conus orbignyi,
2613,Conus papilliferus,
2615,Conus patricius,
2618,Conus perplexus,
2619,Conus philippii,
2620,Conus pictus,
2621,Conus platyaulax,
2623,Conus pulcher,
2624,Conus pulicarius,
2625,Conus puncticulatus,
2626,Conus purpurascens,
2629,Conus rattus,
2631,Conus retifer,
2632,Conus sanguinolentus,
2634,Conus scalptus,
2635,Conus scittulus,
2637,Conus sennottorum,
2638,Conus sieboldii,
2639,Conus simplex,
2640,Conus sponsalis,
2642,Conus stearnsii,
2644,Conus striatus,
2647,Conus suturatus,
2648,Conus teramachii,
2649,Conus tessulatus,
2650,Conus textile,
2652,Conus tinianus,
2653,Conus tornatus,
2654,Conus tulipa,
2655,Conus typhon,
2659,Conus vexillum,
2660,Conus victoriae,
2662,Conus virgo,
2663,Conus vittatus,
2665,Conus ximenes,
2666,Conus zeylanicus,
2668,Coralliobia neritoidea,
2669,Coralliobia violacea,
2691,Cotonopsis turturina,
2692,Couthouyia mzambana,
2693,Couthouyia pasithea,
2695,Crassatella burnupi,
2696,Crassatella foveolata,
2697,Crassatella verconis,
2698,Crassatina crebilirata,
2699,Crassatina sowerbyi,
2705,Crassispira layardi,
2709,Crassostrea arborea,
2713,Crenavolva rosewateri,
2719,Crepidula immersa,
2727,Cronia fenestrata,
2728,Cronia heptagonalis,
2729,Cronia margariticola,
2730,Cronia marginatra,
2731,Cronia nodosa,
2732,Cronia ochrostoma,
2745,Curvella majubana,
2746,Curvella succinea,
2748,Cyathopoma camerunense,
2753,Cyclonassa neritea,
2757,Cyclostoma ligatum,
2761,Cylichnella smithi,
2764,Ranularia boschi,
2770,Cymatium cynocephalum,
2771,Ranularia dunkeri,
2774,Cymatium gemmatum,
2776,Cymatium hepaticum,
2785,Cymatium pyrum,
2786,Ranularia retusum,
2787,Cymatium rubeculum,
2788,Cymatium spengleri,
2789,Cymatium trilineatum,
2791,Cymatium waterhousei,
2795,Cymbiola hunteri,
2799,Cymbiola norrissi,
2810,Cymia carinifera,
2811,Cynisca alfredensis,
2812,Cynisca forticostata,
2813,Cynisca granulosa,
2814,Cyphoma gibbosa,
2816,Schilderia achatidea,
2818,Cypraeovula alfredensis,
2821,Notocypraea angustata,
2826,Arestorides argus,
2832,Monetaria caputdraconis,
2835,Cypraea carolinensis,
2836,Erronea caurica,
2839,Macrocypraea cervus,
2841,Pustularia cicercula,
2844,Cypraea coffea,
2849,Cribrarula cribraria,
2850,Cypraeovula cruickshanki,
2851,Erronea cylindrica,
2852,Zoila decipiens,
2855,Cryptocypraea dillwyni,
2864,Zoila friendii,
2868,Naria gangranosa,
2872,Cypraea helvola,
2874,Umbilia hesitata,
2884,Luria lurida,
2887,Cypraea macula,
2892,Cypraeovula mikeharti,
2894,Muracypraea mus,
2895,Naria nebrites,
2899,Erronea onyx,
2900,Erronea ovum,
2902,Erronea pallida,
2906,Cypraea pustularia,
2907,Zonaria pyrum,
2912,Naria spurca,
2913,Staphylaea staphylaea,
2914,Trona stercoraria,
2915,Bistolida stolida,
2916,Erronea subviridis,
2917,Talparia talpa,
2919,Luria tessellata,
2921,Zoila thersites,
2928,Erronea xanthodon,
2931,Cypraea zietsmani,
2944,Cythara dagama,
2945,Daphnella angusta,
2948,Daphnella sulcata,
2949,Decatopecten bifrons,
2950,Decatopecten caroli,
2952,Decatopecten striatus,
2960,Dendropoma formosus,
2961,Dendropoma irregularis,
2962,Dendropoma natalensis,
2963,Dendropoma nigricans,
2964,Dendropoma spirata,
2966,Dentalium entalis,
2967,Dentalium eualdes,
2968,Dentalium inversum,
2969,Dentalium longitrorsum,
2974,Dentalium vernedei,
2980,Dicaltion orbita,
2981,Dicaltion scalaris,
2982,Dicathais scalaris,
2988,Diodora audax,
3006,Diplodonta globularis,
3016,Divaricella cumingi,
3017,Divaricella dalliana,
3033,Donax maculata,
3047,Dorcasia jejmia,
3048,Dorcasia rogersi,
3060,Dosinia juvensis,
3061,Dosinia lincta,
3062,Dosinia lupinus,
3065,Dosinula zelandica,
3071,Drillia fultoni,
3077,Drupa anaxares,
3078,Drupa aspera,
3079,Drupa biconica,
3080,Drupa cornus,
3081,Drupa decollata,
3082,Drupa ferruginosa,
3083,Drupa fiscella,
3085,Drupa granulata,
3092,Drupa nodulosa,
3093,Drupa porphrostoma,
3096,Drupa serrialis,
3097,Drupa uva,
3099,Drupella elata,
3100,Drupella mancinella,
3102,Drupella spectrum,
3105,Euterebra capensis,
3107,Duplicaria dussumieri,
3114,Echininus nodulosus,
3119,Electroma georgiana,
3122,Elisolimax flavescens,
3123,Elliptio complanatus,
3124,Elliptio coruscus,
3126,Elliptio dilatatus,
3132,Emozamia flindersi,
3133,Endodonta whileleggei,
3134,Engina billeheusti,
3145,Ephippodonta macdougalli,
3151,Epitonium bullatum,
3153,Epitonium cirsotrema,
3155,Epitonium commutatum,
3158,Epitonium durbanense,
3160,Epitonium georgetlina,
3170,Epitonium perplexum,
3180,Epitonium tongaatense,
3183,Erato vitellina,
3197,Euchelus atratus,
3203,Eudolium pyriforme,
3204,Eudolium pyriformis,
3206,Euhadra amaliae,
3208,Euhadra hickons,
3210,Euhadra sechenbergiana,
3211,Eulima algoensis,
3212,Eulima becki,
3213,Eulima dilecta,
3216,Eulima insignis,
3217,Eulima natalensis,
3219,Eulima vitrea,
3221,Eumarcia kochi,
3224,Euonyma barnadi,
3225,Euonyma cacuminata,
3226,Euonyma decipiens,
3229,Euonyma natalensis,
3231,Euonyma purcelli,
3234,Euonyma turriformis,
3239,Eupleura plicatula,
3241,Euruthria ponsobyi,
3244,Euthria ponsonbyi,
3245,Euthria queketti,
3246,Fasciolaria australasia,
3247,Fasciolaria coronata,
3248,Fasciolaria filamentosa,
3251,Kilburnia heynemanni,
3256,Fasciolaria rutila,
3258,Fasciolaria trapezium,
3261,Fassarus inflatus,
3264,Fauxulus kurrii,
3269,Anisoloma squat,
3277,Ficus decussatus,
3280,Ficus subintermedius,
3294,Flavamussium caducum,
3297,Fossaria modicella,
3298,Fragum medium,
3300,Fukama perfecta,
3301,Fulgoraria delicata,
3303,Fulvia papyracea,
3304,Fuscinus herithaini,
3305,Fusconaia ebenus,
3307,Fusconaia rubida,
3308,Fusconaia undata,
3321,Fusinus faurei,
3323,Fusinus longicauda,
3324,Fusinus nicobaricus,
3325,Fusinus niponicus,
3330,Fusinus rubrolineatus,
3332,Fusinus simplex,
3335,Fusinus toreuma,
3336,Fusinus tubercularis,
3337,Fusinus verruculatus,
3352,Gari hodgei,
3360,Gemmula deshayesii,
3363,Gemmula unedo,
3365,Gena planulata,
3366,Gena varia,
3376,Gibbula richardi,
3378,Gibbula umbilicatis,
3382,Gittenedouardia conulus,
3384,Gittenedouardia drakensbergensis,
3385,Gittenedouardia meridionalis,
3387,Gittenedouardia sordidula,
3391,Glaucus connollyi,
3394,Glycymeris flabellatus,
3396,Glycymeris fossar,
3406,Glycymeris violaceus,
3407,Glyptenthira accuminata,
3409,Gomphina veneriformis,
3410,Goniobasis liniescens,
3411,Goniobasis liviescens,
3412,Goniobasis ozarkensis,
3413,Goniobasis potosiensis,
3414,Goniobasis virginica,
3416,Granula bensoni,
3417,Granula burnupi,
3418,Granula differens,
3422,Granulina thalia,
3424,Gregariella rietensis,
3427,Gulella aliciae,
3428,Gulella appletoni,
3431,Gulella bomvana,
3433,Gulella bruggeni,
3434,Gulella cairnsi,
3435,Gulella calopasa,
3436,Gulella caryatis,
3437,Gulella chi,
3439,Gulella collicola,
3440,Gulella columnella,
3441,Gulella connollyi,
3442,Gulella consobrina,
3443,Gulella contraria,
3446,Gulella davisae,
3447,Gulella delicatula,
3450,Gulella drakensbergensis,
3451,Gulella elliptica,
3452,Gulella euthymia,
3453,Gulella falconi,
3456,Gulella framesi,
3459,Gulella hadroglossa,
3460,Gulella hamerae,
3461,Gulella harriesi,
3463,Gulella himerothales,
3464,Gulella incurvidens,
3469,Gulella johannae,
3470,Gulella johannesburgensis,
3471,Gulella juxtidens,
3472,Gulella kosiensis,
3474,Gulella latimerae,
3475,Gulella magnolia,
3477,Gulella maritzburgensis,
3478,Gulella melvilli,
3480,Gulella mfongosiensis,
3482,Gulella mooiensis,
3484,Gulella munita,
3486,Gulella nepia,
3487,Gulella newmani,
3489,Gulella obstructa,
3490,Gulella orientalis,
3491,Gulella penningtoni,
3492,Gulella pentheri,
3495,Gulella phragma,
3498,Gulella polita,
3499,Gulella pondoensis,
3501,Gulella premnodes,
3503,Gulella queketti,
3504,Gulella regularis,
3506,Gulella rumpiana,
3508,Gulella separata,
3509,Gulella sibasana,
3510,Gulella swaziensis,
3513,Gulella tietzae,
3515,Gulella tripodium,
3516,Gulella umzimvubuensis,
3517,Gulella verdcourti,
3518,Gulella viae,
3519,Gulella warrenii,
3520,Gulella zelota,
3521,Guraleus eucosmia,
3522,Gyrineum bitubercularis,
3530,Haliotis assimilis,
3532,Haliotis camchattana,
3534,Haliotis conicopora,
3536,Haliotis cracherodii,
3540,Haliotis emmae,
3558,Haliotis sieboldii,
3561,Haliotis speciosa,
3586,Hastula lauta,
3587,Impages maryleeae,
3588,Hastula natalensis,
3591,Hastula strigilata,
3597,Helcion infundibuliformis,
3601,Heliacus africanus,
3613,Helisoma macrostomum,
3615,Helix aspersa,
3616,Helix hortensia,
3618,Helix lapicida,
3619,Helix melantozona,
3620,Helix planulata,
3621,Helix sophiae,
3622,Hemicardium cardissa,
3623,Hemicardium hemicardium,
3624,Hemifusus pugilinus,
3627,Hemifusus wardiana,
3628,Hemitrochus varians,
3631,Herse columnella,
3638,Hexaplex hoplites,
3639,Hexaplex octogonus,
3649,Hindsia gracilis,
3650,Hinitia pallida,
3652,Hinnites giganteus,
3668,Hustolima nimbifera,
3669,Hyalina avena,
3670,Hyalina biannulata,
3671,Hyalina capensis,
3676,Hyalina melita,
3677,Hyalina neglecta,
3679,Hyalina veliei,
3680,Hydatina amplustre,
3688,Hyotissa numisma,
3690,Hyria corrugata,
3691,Hyridella menziesi,
3696,Indocrassatella abrupta,
3698,Iravadia annulata,
3699,Iridina pfeifferiana,
3701,Chambardia wahlbergi,
3719,Jaton folata,
3720,Jaton nuttalli,
3723,Kaliella euconuloides,
3724,Kanekotrochus comtess,
3725,Katelysia corrugata,
3732,Kerkophorus piperatus,
3736,Labiosa plicatella,
3742,Laevicaulis alte,
3746,Lambis digitata,
3753,Lampsilis claibornensis,
3754,Lampsilis fallaciosa,
3757,Lampsilis ventricosa,
3758,Lamya capensis,
3759,Lanistes occidentalis,
3770,Latiaxis japonicus,
3771,Latiaxis kawamurai,
3772,Latiaxis lischkeanus,
3774,Latiaxis nakamigawai,
3777,Latirus bairstowi,
3779,Latirus cariniferus,
3780,Latirus ceratus,
3781,Latirus craticulatus,
3784,Latirus infundibulum,
3785,Latirus macgintyi,
3786,Latirus nodatus,
3790,Latirus rudis,
3793,Lauria cryptoplax,
3797,Lavigeria jouberti,
3798,Lavigeria paucicostata,
3799,Lavigeria spinosa,
3800,Lepsiella scobina,
3803,Leucozonia cingulata,
3808,Lienardia shepstonensis,
3809,Lienardia subcontracta,
3810,Lienardia westcotti,
3815,Lima fragilis,
3816,Lima inflata,
3818,Lima orientalis,
3819,Lima pellucida,
3820,Lima rotundata,
3824,Limaria nimbifera,
3831,Limopsis multishiatus,
3834,Linatella clandestina,
3837,Linicardium papyraceum,
3842,Liotia australis,
3843,Liotia depressa,
3844,Liotia discoidea,
3845,Liotia tasmanica,
3847,Lippistes helicoides,
3850,Litharium algoensis,
3856,Litozamia petterdi,
3858,Littorina angulifera,
3860,Littorina fasciata,
3861,Littorina irrorata,
3867,Littorina obesa,
3871,Littorina pintado,
3873,Littorina punctata,
3878,Littorina undulata,
3879,Littorina ziczac,
3885,Lophiotoma cingulifera,
3890,Loripes rosacea,
3896,Lucina floridana,
3897,Lucina muricata,
3898,Lucina nassula,
3900,Lucina pedinatus,
3901,Lucina pennsylvani,
3903,Lunatia catena,
3908,Lunella smaragda,
3913,Lymnaea columella,
3914,Lymnaea luteola,
3924,Lyropecten luculentus,
3929,Macoma crawfordi,
3930,Macoma deltoidalis,
3932,Macoma incograva,
3937,Macoma stratula,
3938,Macoma tristis,
3939,Macomona liliana,
3942,Macroschisma africana,
3947,Mactra adansoni,
3952,Mactra discors,
3953,Mactra elliptica,
3958,Mactra pallosii,
3962,Mactra spengleri,
3966,Mactrella alata,
3979,Mamillana mamilla,
3982,Mancinella kieneri,
3983,Mancinella squamosa,
3989,Mangelia subcancellata,
3990,Mangelia westcotti,
3994,Margarites pupulia,
4000,Marginella apicina,
4001,Marginella apricunum,
4002,Marginella atractus,
4005,Marginella biannulata,
4006,Marginella capensis,
4007,Marginella cincta,
4009,Marginella confortinii,
4011,Marginella cylindrica,
4014,Marginella dulcis,
4019,Marginella ingloria,
4025,Marginella marginata,
4036,Marginella punctostriata,
4042,Marginella volvarina,
4043,Marginella walvisiana,
4044,Marginella zeyheri,
4046,Marioniopsis cyanobranchiata,
4051,Mayena australasia,
4052,Mayena gemmifera,
4054,Megalatractus aruanus,
4055,Megalomastoma mane,
4056,Megalonaias gigantea,
4057,Megalophaedusa goniopuma,
4058,Megalophaedusa japonica,
4059,Megalophaedusa martensi,
4063,Melagraphia aethiops,
4066,Melampus coffeus,
4073,Melanella dilecta,
4076,Melanella natalensis,
4077,Melania aspirans,
4078,Melania ater,
4080,Melania pugilis,
4081,Melania undulatus,
4084,Melanopsis trifasciata,
4087,Melaraphe cincta,
4106,Mesodon perigraphtus,
4117,Micromya iris,
4118,Micromya lienosa,
4139,Mitra limbifera,
4144,Mitra nucea,
4158,Mitra variegata,
4162,Mitrella brunnea,
4167,Mitrella luctuosa,
4168,Mitrella lunata,
4172,Mitrella troglodytes,
4179,Modiola subpopili,
4180,Musculus impacta,
4188,Modulus carchedonius,
4189,Modulus catenulatus,
4192,Moerella huttoni,
4193,Moerella juvenilis,
4201,Monilea dividua,
4203,Monodonta adelaidae,
4204,Monodonta aethiops,
4205,Monodonta argyrostoma,
4207,Monodonta concamerata,
4210,Monodonta mutabilis,
4213,Monodonta punctulata,
4214,Monodonta rudis,
4215,Monodonta torri,
4216,Monodonta xanthostigma,
4220,Morula cariosa,
4222,Morula heptagonalis,
4224,Morula marginalba,
4226,Morula nodosa,
4232,Mundiphaedusa ducalis,
4236,Murex brunneus,
4237,Murex cailleti,
4238,Murex chichoreum,
4239,Murex cornutus,
4240,Murex elenensis,
4242,Murex haustellum,
4243,Murex kiiensis,
4246,Murex messorius,
4248,Murex purdyae,
4250,Murex rectirostris,
4254,Murex torrefactus,
4256,Murex triqueter,
4257,Murex triremis,
4259,Murexiella festivus,
4260,Murexiella gemma,
4262,Muricanthus nigritus,
4263,Muricanthus radix,
4264,Muricopsis lappa,
4265,Muricopsis multiangulata,
4266,Muricopsis ostrearum,
4267,Muricopsis squamulata,
4278,Myseka bidentata,
4287,Mytilus meridionalis,
4289,Mytilus viridis,
4290,Nacella boninensis,
4291,Cellana exarata,
4295,Nacella toreuma,
4300,Nassarius acularis,
4302,Nassarius albus,
4306,Nassarius arcularius,
4311,Nassarius canoides,
4317,Nassarius corniculum,
4324,Nassarius festivus,
4330,Nassarius gracilis,
4331,Nassarius grandiosus,
4336,Nassarius jonasi,
4340,Nassarius luteostomus,
4343,Nassarius miga,
4347,Nassarius mutabilis,
4351,Nassarius particeps,
4357,Nassarius polistes,
4360,Nassarius reticulatus,
4361,Nassarius rufulus,
4362,Nassarius scopularus,
4368,Nassarius tegulus,
4371,Nassarius trivittatus,
4372,Nassarius vibex,
4374,Nassarius vitiensis,
4375,Nassarius vius,
4376,Nata aequiplicata,
4378,Nata tarachodes,
4380,Nata viridescens,
4384,Natalina kraussi,
4389,Natica catena,
4391,Natica cayennensis,
4392,Natica cernica,
4400,Natica lineata,
4406,Natica napus,
4408,Natica poliana,
4411,Natica sebae,
4419,Negyrina subdistorta,
4423,Neocancilla ponsonbyi,
4425,Neocardia angustata,
4426,Neocolina ponsonbyi,
4427,Neosimnia acicularis,
4428,Neosimnia spelta,
4429,Neothais scalaris,
4430,Neothauma tanganyicense,
4441,Nerita antillarum,
4453,Nerita josephine,
4459,Nerita reticulata,
4469,Neritina cariosa,
4474,Neritina luteofasciata,
4479,Neritina reclivata,
4494,Nitidella occulata,
4500,Nodilittorina tuberculata,
4505,Northia plumbea,
4506,Notirus crenata,
4507,Notirus fabagela,
4512,Notoacmea scabrilirata,
4514,Notocallista ringi,
4515,Notocypraea mayi,
4518,Notoplax producta,
4519,Notospisula parva,
4521,Nucella cingulata,
4529,Nucula hartvigiana,
4536,Obortio natalensis,
4538,Ocenebra cala,
4539,Ocenebra circumtexta,
4540,Ocenebra crassilabrum,
4541,Ocenebra erinaca,
4544,Ocenebra fenestrata,
4545,Ocenebra interfossa,
4546,Ocenebra kieneri,
4547,Ocenebra poulsoni,
4550,Ocenebra scrobiculata,
4551,Ocenebra sperata,
4552,Ochetoclavis pilsbryi,
4553,Ocinebra natalensis,
4554,Octopus granulatus,
4555,Odostomia io,
4558,Odostomia leisurtalis,
4560,Odostomia mympha,
4561,Odostomia neptini,
4562,Odostomia obeliscus,
4564,Odostomia scitula,
4565,Odostomia turtoni,
4576,Oliva carreola,
4582,Oliva galiola,
4586,Oliva larmoine,
4588,Oliva mamorata,
4596,Oliva polpasta,
4599,Oliva reticulatis,
4600,Oliva rufanula,
4603,Oliva sayana,
4613,Olivancillaria aquatiles,
4621,Olivella diversas,
4628,Olivia cruenta,
4632,Oopelta flavascens,
4637,Opalia marginata,
4641,Opeas peringueyi,
4642,Opeas strigile,
4643,Opeas tugelensis,
4645,Ophicardelus costellaris,
4659,Oxychona layardi,
4667,Paluoina paulucciana,
4678,Papuina meditata,
4679,Papuina tayloriana,
4680,Papustyla pulcherrima,
4682,Papyridea papyracea,
4684,Paracuneus platystoma,
4685,Paralaoma hottentota,
4690,Paratrophon exsculptus,
4693,Parvicardium turtoni,
4694,Parviperna rupella,
4702,Scutellastra mexicana,
4708,Patellanax perplexa,
4716,Pecten alba,
4720,Pecten maximus,
4725,Pecten sentis,
4726,Pecten speciosus,
4727,Pecten spondyloideum,
4729,Pecten vexillum,
4730,Pecten ziczac,
4731,Pedinogyra allanii,
4734,Penion adustus,
4742,Peringia ulvae,
4750,Peristernia leucothea,
4754,Perna galloprovincialis,
4757,Peronaea gaimardi,
4759,Persicula dulcis,
4760,Persicula lepta,
4762,Persicula minuta,
4764,Euterebra tristis,
4765,Duplicaria ustulata,
4767,Petricola pholadiformis,
4769,Pexocodakia rugifera,
4770,Phaedusa sieboloii,
4773,Phalium bisculcatum,
4778,Phalium ericinaceus,
4779,Phalium faurotis,
4783,Phalium ponderosum,
4791,Phasianella kochii,
4792,Phasianella modesta,
4796,Phasianella virgo,
4797,Phaxas decipiens,
4799,Phenacovolva beckeri,
4801,Phenacovolva honkakujiana,
4807,Philbertia capensis,
4812,Philobrya angulata,
4816,Phos mexicanus,
4818,Phos rectum,
4819,Phos roseatus,
4822,Phyllonotus pomum,
4823,Phyllonotus teguis,
4824,Physa acuta,
4825,Physa eliptica,
4826,Physa integra,
4827,Physa tortuosa,
4828,Physopsis africana,
4830,Pila appressa,
4831,Pila cancaliculatus,
4832,Pila hanleyanus,
4833,Pila haustrum,
4834,Pila megastoma,
4836,Pila palulosa,
4837,Pila sordidus,
4838,Pila zonata,
4848,Pisania crenilabrum,
4855,Pitar citrina,
4857,Pitar hebraea,
4863,Placamen calophylla,
4869,Placostylus elobatus,
4878,Planaxis brasiliana,
4879,Planaxis labiosus,
4880,Planaxis lineatus,
4882,Planaxis niger,
4893,Pleurodonte rostrata,
4900,Pododesmus squama,
4906,Polinices catena,
4909,Polinices duplicatus,
4914,Polinices mamilla,
4917,Polinices napus,
4918,Polinices opaca,
4920,Polinices plumbeus,
4925,Polinices salangonensis,
4928,Polinices solidus,
4933,Polygyra albolabris,
4934,Polygyra auriformis,
4935,Polygyra mesodon,
4936,Polymesoda sarasotaensis,
4937,Polymita brochers,
4942,Powelliphanta busbyi,
4952,Primovula carnea,
4953,Primovula sinensis,
4956,Proptera alata,
4970,Psammocola radiata,
4971,Psammotellina capensis,
4972,Pseudactaeon albus,
4973,Pseudochama cornuta,
4977,Pseudoliva ancilla,
4980,Pseudoneptunea multangulus,
4982,Pseudoraphitoma alfredi,
4983,Pseudostomatella imbricta,
4989,Pteria chinensis,
4993,Pteropurpura capensis,
5003,Pterynotus argasi,
5006,Pterynotus triquetor,
5007,Ptilototheca soutpansbergensis,
5009,Ptychodon pseudoleioda,
5015,Pupa fumata,
5019,Puperita japonica,
5021,Puperita tristis,
5023,Pupilla tetrodus,
5029,Puriperna dentifera,
5030,Purpura aperta,
5032,Purpura haustorium,
5033,Purpura haustrum,
5035,Purpura patula,
5039,Pusia bernhardina,
5040,Pusia ebenus,
5041,Pusia osiridis,
5042,Pusia patriarcholis,
5043,Pusia patula,
5046,Pusiostoma mendicaria,
5049,Pygmipanda atomata,
5050,Pyramidalis mitralis,
5052,Pyramidella auriscati,
5053,Pyramidella capensis,
5059,Pyramidula rufestris,
5062,Pyrene amphitrite,
5063,Pyrene apicata,
5064,Pyrene aplicata,
5067,Pyrene burnupi,
5068,Pyrene consanguinea,
5069,Pyrene filmerae,
5072,Pyrene fuscata,
5073,Pyrene haemastoma,
5074,Pyrene kraussi,
5077,Pyrene mercatoria,
5078,Pyrene metella,
5079,Pyrene miltostoma,
5081,Pyrene mutabilis,
5085,Pyrene pyramidalis,
5086,Pyrene rustica,
5087,Pyrene separanda,
5088,Pyrene shepstonensis,
5089,Pyrene strombiformis,
5090,Pyrene sulcata,
5091,Pyrene tayloriana,
5094,Pyrene vincta,
5095,Pyrene whitechurchi,
5100,Pythia striata,
5102,Quadrula cahabensis,
5103,Quadrula metaneura,
5109,Ranella denticola,
5113,Ranularia moritincta,
5119,Ratifusus alfredensis,
5124,Rhachistia chiradzuluensis,
5130,Rhinoclavis echinatum,
5133,Rhinoclavis labiosum,
5135,Rhinoclavis nesioticum,
5137,Rhinoclavis pulchra,
5139,Rhinoclavis sinuata,
5141,Rhysota ovum,
5142,Rhytida confusa,
5147,Rissoina bryerca,
5151,Rissoina rietensis,
5153,Rissoina tridentata,
5155,Roxania simillima,
5157,Saccostrea crenulifera,
5160,Sanguinolaria cruenta,
5161,Sanguinolaria olivacea,
5162,Sanguinolaria sanguinolenta,
5164,Saxicava rugosa,
5179,Scutellastra natalensis,
5189,Seapharea satewi,
5194,Selatodryas luteosoma,
5195,Selatodryas roseosoma,
5205,Serpulorbis natalensis,
5206,Shaskyus festivus,
5208,Sheldonia aloicola,
5210,Sheldonia asthenes,
5212,Microkerkus chrysoprasinus,
5216,Sheldonia crawfordi,
5217,Sheldonia fingolandensis,
5218,Microkerkus fuscicolor,
5220,Kerkophorus inunctus,
5221,Microkerkus leucospira,
5222,Sheldonia lightfooti,
5223,Kerkophorus melvilli,
5224,Sheldonia monsmaripi,
5225,Sheldonia natalensis,
5226,Sheldonia orientalis,
5228,Sheldonia plain,
5232,Sheldonia small,
5233,Sheldonia trotteriana,
5235,Sheldonia warreni,
5241,Siliquaria australis,
5242,Siliquaria chuni,
5243,Siliquaria cumingii,
5244,Siliquaria ponderosa,
5245,Siliquaria weldii,
5246,Siliquaria wilmanae,
5256,Siphonalia glans,
5259,Siphonalia signum,
5261,Siphonaria algerica,
5269,Siphonaria deflexa,
5283,Sitala jenynsi,
5284,Smaragdia glabrata,
5288,Ilanga agulhaensis,
5293,Solecurtus sulcatus,
5296,Solemya parkinsoni,
5310,Soletellina boeddinghausi,
5311,Soletellina lunulata,
5312,Soletellina nitida,
5313,Soletellina olivacea,
5315,Solmopina macfarlanei,
5317,Sphaerospira mulgravensis,
5318,Sphaerospira rainbirdi,
5319,Spirula solida,
5321,Spisula aequilateralis,
5322,Spisula polynyma,
5337,Stabilima strangei,
5339,Standella aegyptiaca,
5341,Stenomelania denisoniensis,
5342,Stenotrema fraterna,
5348,Streptopinna saccata,
5350,Strigatella crassa,
5351,Strigatella limbifera,
5352,Strigatella litterata,
5354,Strigatella paupercula,
5355,Strigatella scutulata,
5361,Strombus aurisdinae,
5364,Strombus canarium,
5368,Strombus dolomena,
5369,Strombus epidromis,
5372,Strombus fusiformis,
5374,Strombus gibberulus,
5377,Strombus granulatus,
5378,Strombus labiatus,
5381,Strombus luhuanus,
5384,Strombus minimus,
5385,Strombus mutabilis,
5386,Strombus peruvianus,
5392,Strombus triconis,
5393,Strombus urceus,
5397,Strophitus rugosus,
5403,Subeulima magnifica,
5405,Succinea exarata,
5408,Succinea salleana,
5410,Sunetta contempta,
5413,Sunetta scripta,
5415,Swainsonia ocellata,
5427,Tapes literata,
5428,Tapes philippinarum,
5430,Tapes variegata,
5432,Tawera gallinula,
5437,Tectarius muricatus,
5449,Tegula lischkei,
5450,Tegula panamanica,
5457,Tegurum exutum,
5458,Teinostoma africana,
5465,Tellina apelina,
5470,Tellina deltoides,
5480,Tellina littoralis,
5487,Tellina perna,
5495,Tellina scobinata,
5498,Tellina tampaensis,
5503,Tellina trilaterata,
5519,Duplicaria badia,
5531,Terebra diplomeriza,
5534,Oxymeris felina,
5538,Terebra impages,
5540,Euterebra kowiensis,
5542,Hastulopsis loisae,
5545,Terebra micans,
5550,Terebra peasii,
5551,Euterebra planecosta,
5561,Hastulopsis suspensa,
5566,Hastula vallesia,
5571,Thais alouina,
5572,Thais armigera,
5573,Thais ascensionis,
5574,Thais biselaris,
5575,Thais biserialis,
5576,Thais bronni,
5577,Thais bufo,
5582,Thais cingulata,
5583,Thais delessertiana,
5587,Thais echinata,
5588,Thais emarginata,
5591,Thais haemastoma,
5592,Thais haemostoma,
5593,Thais harpa,
5595,Thais intermedia,
5596,Thais kieneri,
5599,Thais lacunosus,
5600,Thais lamellosa,
5602,Thais lapillus,
5603,Thais lima,
5604,Thais melones,
5606,Thais neritoidea,
5608,Thais orbita,
5609,Thais reticulata,
5610,Thais rudolphi,
5611,Thais rustica,
5612,Thais savignyi,
5613,Thais scalaris,
5614,Thais scobina,
5615,Thais speciosa,
5616,Thais squamosa,
5617,Thais textilosa,
5619,Thais triangularis,
5622,Thais wahlbergi,
5625,Thapsia pinguis,
5627,Craspedochiton isipingoensis,
5630,Thelidomus guanensis,
5632,Thiara lobbecki,
5633,Thiara vonamica,
5639,Tibia vaneospira,
5645,Tivela isabelleana,
5670,Toxiclionella elstoni,
5673,Trachycardium flavum,
5675,Trachycardium maculosum,
5677,Trachycardium rubicundum,
5678,Trachycystis aenea,
5679,Trachycystis alcocki,
5680,Trachycystis aulacophora,
5682,Trachycystis bifoveolata,
5684,Trachycystis calorama,
5686,Trachycystis centrifuga,
5687,Trachycystis charybdis,
5689,Trachycystis conisalea,
5691,Trachycystis delicata,
5693,Trachycystis falconi,
5694,Trachycystis ferarum,
5695,Trachycystis fossula,
5697,Trachycystis glebaria,
5700,Trachycystis kincaidi,
5701,Trachycystis knysnaensis,
5703,Trachycystis liricostata,
5704,Trachycystis loveni,
5707,Trachycystis mcdowelli,
5708,Trachycystis minutae,
5709,Trachycystis permeata,
5711,Trachycystis proxima,
5712,Trachycystis pura,
5713,Trachycystis pycnotricha,
5716,Trachycystis sabuletorum,
5717,Trachycystis scolopendra,
5718,Trachycystis sheldonia,
5719,Trachycystis simplex,
5720,Trachycystis somersetensis,
5721,Trachycystis spissicosta,
5722,Trachycystis spissisculpta,
5724,Trachycystis tollini,
5725,Trachycystis trichostiroma,
5726,Trachycystis venatorum,
5727,Trachycystis watsoni,
5729,Trapezium ponderosa,
5732,Trichomya hirsuta,
5741,Tricolia kraussi,
5743,Tricolia striolata,
5749,Trigonephrus ambiguosus,
5753,Trigonephrus namaquensis,
5755,Trigonostoma scalariformis,
5756,Trigonostoma semidisjuncta,
5759,Triodopsis albolabris,
5761,Triphora algoensis,
5771,Trivia aperta,
5773,Trivia californiana,
5774,Trivia costata,
5778,Trivia lathyrus,
5779,Trivia magnidentata,
5784,Trivia pacifica,
5787,Trivia phalacra,
5788,Trivia quadripunctata,
5789,Trivia radians,
5791,Trivia sanguinea,
5792,Trivia solandri,
5794,Trivia verhoefi,
5795,Trochocochlea crassa,
5796,Trochocochlea turbinata,
5799,Trochus concavus,
5802,Trochus longomarginatus,
5804,Trochus nigropunctatus,
5806,Trochus podolicus,
5807,Trochus praecurvilinaetes,
5808,Trochus praermavirensis,
5809,Trochus pseudonmairei,
5810,Trochus sulcopodolicus,
5814,Trophon acceptans,
5815,Trophon ambiguus,
5816,Trophon geversianus,
5817,Trophon jucundus,
5818,Trophonopsis aldicularum,
5824,Tropidophora sarcodes,
5836,Tulbaghinia isomeroides,
5854,Turbo natalensis,
5856,Lunella notalis,
5863,Turbo smaragdus,
5877,Turbonilla pellucida,
5878,Turbonilla producta,
5883,Turbonilla trachealis,
5886,Turris acuta,
5887,Turris amplisulcus,
5889,Turris cingulifera,
5891,Turris elstoni,
5894,Turris saldanhae,
5895,Turris varianilis,
5908,Turritella exoleta,
5910,Turritella goniostoma,
5913,Turritella iredalei,
5914,Turritella krebra,
5917,Turritella rosea,
5926,Tylostia unizonatis,
5927,Tympanotonus fuscatus,
5928,Tympanotonus radula,
5929,Typhis arcuatus,
5930,Tyrannophaedusa bilaterata,
5936,Umbonium zelandica,
5937,Umbraculum sinicum,
5939,Ungulina alba,
5941,Unio douglasise,
5943,Unio timidus,
5944,Urocoptis numboldiana,
5950,Vanikoro deshayesiana,
5961,Vasum turbinellum,
5964,Veletuceta flammea,
5972,Venerupis japonica,
5974,Venerupis pullastra,
5976,Venerupis straminea,
5981,Veocollonia ponsonbyi,
5983,Vermetus corallinaceus,
5984,Vermetus natalensis,
5988,Vexillum aureolatum,
5989,Vexillum bathyraphe,
5990,Vexillum canaliculatum,
5991,Vexillum capense,
5992,Vexillum capensis,
5993,Vexillum caudiculata,
5995,Vexillum costellaris,
5997,Vexillum cumingi,
5999,Vexillum euzonatum,
6001,Vexillum festivum,
6003,Vexillum kowieense,
6009,Vexillum osidiris,
6011,Vexillum plicarium,
6012,Vexillum rhodarion,
6022,Vivipara nitutextus,
6023,Volachlamys cumingii,
6025,Voluta barnardi,
6028,Volutocorbis abyssicola,
6029,Volutocorbis boswellae,
6030,Volutocorbis gilchristi,
6031,Volutocorbis kilburni,
6032,Volutocorbis lutosa,
6033,Volutocorbis semirugata,
6034,Volutopsis laryillierti,
6035,Volva birostris,
6037,Volva nectaria,
6044,Volvarinella brocktoni,
6045,Vulsella aerolatus,
6046,Vulsella americana,
6047,Vulsella demissa,
6049,Vulsella modiolus,
6050,Wainuia urnula,
6052,Xancus angulatus,
6053,Xancus pyrum,
6062,Xenostrobus securis,
6063,Xenuroturris cingulifera,
6065,Zaria australis,
6066,Zaria duplicata,
6067,Zaria fulminata,
6068,Zaria symmetrica,
6073,Zeacumantus tristis,
6075,Zediloma arida,
6076,Zediloma atrovirens,
6077,Zediloma coracina,
6079,Zediloma lugubris,
6080,Zediloma subrostrata,
6086,Zonitoides nitida,
6087,Lottia fenestrata cribaria,
6088,Lottia fenestrata fenestrata,
6090,Aequipecten gibbus gibbus,
6091,Afrorhytida kraussi kraussi,
6092,Afrorhytida kraussi oraria,
6093,Dendrofissurella scutellum dubia,
6094,Dendrofissurellum scutellum hiantula,
6095,Anachis kraussi kitchingi,
6096,Anadara lienosa floridana,
6097,Anodonta grandis footiana,
6098,Anodonta grandis gigantea,
6099,Lithopoma americana imbricata,
6100,Astraea tecta americana,
6102,Benthoclionella jenneri visagei,
6103,Buccinanops vittatum vittatum,
6105,Bulla striata amygdala,
6108,Burnupena papyracea limbosa,
6109,Burnupena papyracea papyracea,
6113,Busycon perversum eliceans,
6114,Calliostoma punctulatum urbanior,
6115,Camaena monochroa palawanensis,
6116,Capitina schaerfiae calcicola,
6117,Cardita mera affinis,
6118,Cassis madagascariensis madagascariensis,
6122,Cerithidea negewischi californica,
6125,Charopa coma globosa,
6126,Chicoreus pomum margaritensis,
6128,Chlamys farreri nipponensis,
6129,Clathrodrillia incisa ophioderma,
6130,Clionella sinuata sinuata,
6132,Clionella subventricosa subventricosa,
6133,Clypeomorus petrosa isseli,
6134,Cochlitoma zebra fulgurata,
6135,Coelatura aegyptiaca gabonensis,
6136,Coelatura aegyptiaca stuhlmanni,
6138,Conus algoensis scitulus,
6139,Conus algoensis simplex,
6141,Conus biliosus meyeri,
6143,Conus mozambicus lautus,
6144,Conus musicus ceylanensis,
6145,Conus natalis gilchristi,
6147,Conus pennaceus omaria,
6148,Conus pictus transkeiana,
6149,Conus scittulus simplex,
6152,Crepidula convexa glauca,
6155,Turritriton gibbosus adairensis,
6159,Mauritia arabica arabica,
6160,Mauritia eglantina eglantina,
6161,Mauritia arabica immanis,
6164,Erronea caurica caucira,
6165,Erronea caurica dracena,
6166,Erronea caurica elongata,
6167,Erronea caurica longior,
6168,Pustularia cicercula lienardi,
6170,Palmadusta clandestina passerina,
6172,Palmadusta diluculum diluculum,
6173,Palmadusta diluculum virginalis,
6174,Cypraeovula edentula nahoonensis,
6175,Erronea ovum chrysostoma,
6177,Purpuradusta gracilis macula,
6178,Cypraea helvola argella,
6181,Naria helvola mascarena,
6183,Naria miliaris differens,
6184,Naria miliaris nishibati,
6185,Luria isabella lemuriana,
6186,Bistolida kieneri kieneri,
6187,Staphylaea limacina clarissa,
6189,Luria lurida oceanica,
6190,Cypraea mauritiana mauritiana,
6191,Mauritia mauritiana regina,
6192,Monetaria moneta icterina,
6193,Cypraea nucleus madagascariensis,
6194,Cypraea onyx adusta,
6195,Erronea onyx onyx,
6196,Bistolida owenii vasta,
6197,Naria spurca acicularis,
6198,Cypraea spurca atlantica,
6199,Naria spurca santaehelenae,
6200,Naria spurca spurca,
6201,Staphylaea staphylaea nolani,
6204,Cypraeovula coronata gabrielli,
6207,Demoulia ventricosa ventricosa,
6208,Dendropoma irregularis varians,
6211,Donax variabilis roemeri,
6212,Donax variabilis variabilis,
6213,Dorcasia rogersi maxima,
6216,Drupa serrialis longus,
6217,Elliptio dilatatus sterkii,
6218,Euhadra awaensis vortex,
6220,Euhadra sechenbergiana notoensis,
6223,Kilburnia heynemanni lugubris,
6224,Fossaria modicella rustica,
6225,Fuscinus herithaini albescense,
6226,Fusinus ambustus boerstlerii,
6229,Goniobasis liviescens dipygio,
6230,Gulella elliptica caelatior,
6231,Gulella elliptica tesserula,
6232,Gulella gouldi discriminata,
6233,Gulella gouldi gouldi,
6234,Gulella pentheri ischyrion,
6236,Haliotis ruber improbulum,
6238,Haliotis virginea hottoni,
6240,Heliacus dorsuosus africanus,
6241,Heliacus dorsuosus alfredensis,
6243,Hexaplex radix nigritus,
6245,Homalopoma quantillum quantillum,
6246,Hyridella menziesi depauperata,
6248,Jaton nuttalli albescens,
6250,Lambis chiragra chiragra,
6251,Lambis crocata crocata,
6253,Lambis scorpius scorpius,
6254,Lambis truncata truncata,
6256,Lampsilis siliquoidea rosacea,
6257,Leptodea fragilis lacrustris,
6258,Liguus fasciatus fasciatus,
6259,Lima scabra tenera,
6261,Littorina scabra scabra,
6265,Mactra adansoni decora,
6266,Mactra glabrata glabatra,
6267,Mactrella alata spengleri,
6268,Maculotriton bracteatus bacillus,
6270,Maoricolpus roseus roseus,
6273,Marginella piperata cosmia,
6275,Marginella piperata fuscopincta,
6277,Marginella piperata miniscula,
6278,Marginella piperata monozonia,
6280,Marginella piperata roseolineata,
6281,Marginella piperata scitula,
6283,Marginella volvarina zonata,
6284,Megalophaedusa japonica kobensis,
6285,Megalophaedusa martensi reinana,
6289,Mitra picta picta,
6290,Monadenia fidelis berglica,
6291,Monadenia fidelis callidina,
6292,Monadenia fidelis fidelis,
6293,Monadenia fidelis salmonensis,
6294,Monadenia fidelis setosa,
6295,Monadenia fidelis trinidadensis,
6296,Murex elenensis tricornis,
6297,Murex maurus sauliae,
6298,Murex recurvirostris rubidus,
6300,Nassarius acularis plicatus,
6302,Nassarius mendicus cooperi,
6304,Nassarius pyramidalis pyramidalis,
6305,Natalina cafra amathole,
6306,Natalina cafra cafra,
6307,Natalina cafra eumacta,
6309,Natalina kraussi kraussi,
6310,Natalina quekettiana lucaris,
6313,Natica poliana della,
6314,Natica simplex simplex,
6316,Nerita chamaeleon annulata,
6321,Nucella lapillus albino,
6322,Nucella lapillus fulure,
6324,Nucella lapillus lactea,
6326,Ocenebra poulsoni carpentes,
6332,Oliva carreola bozonalis,
6333,Oliva episcopalis lugubris,
6334,Oliva galiola carneola,
6335,Oliva larmoine rufofulgurata,
6337,Oliva reticulatis olorinella,
6339,Olivella biplicata angelina,
6347,Peristernia forskalii forskalii,
6349,Phalium craticulatum euthyme,
6350,Phalium granulatum centiquadrata,
6351,Phalium granulatum granulatum,
6352,Phalium labiatum iredalei,
6353,Phalium labiatum zeylanicum,
6354,Phalium pyrum finlayi,
6355,Phalium pyrum pyrum,
6356,Phalium pyrum zeylanicum,
6357,Phasianella ventricosa zebra,
6358,Phyllonotus pomum oculatus,
6359,Pila cancaliculatus australis,
6362,Polinices didyma bicolor,
6363,Polinices uber uber,
6364,Polygyra albolabris major,
6365,Polygyra mesodon clausa,
6366,Polygyra mesodon thyroidus,
6367,Polymita brochers brochers,
6374,Powelliphanta gilliesi gilliesi,
6375,Powelliphanta gilliesi kahurangila,
6378,Powelliphanta hochstetteri hochstetteri,
6380,Powelliphanta lignaria lignaria,
6384,Powelliphanta superba provesorum,
6386,Powelliphanta traversi traversi,
6387,Proptera alata megaptera,
6388,Purpura patula pansa,
6390,Pyrene langleyi consanguinea,
6394,Rhysota ovum depressa,
6397,Sheldonia small pale,
6399,Stagnicola palustris elodes,
6400,Strombus aurisdianae aratrum,
6401,Strombus aurisdianae aurisdinae,
6402,Strombus aurisdinae aurisdinae,
6403,Strombus decorus mauritianus,
6404,Strombus dolomena microurceum,
6405,Strombus gibberulus gibbosus,
6406,Strombus granulatus swainson,
6407,Strombus labiatus labiatus,
6408,Strombus labiatus olydius,
6409,Strombus marginatus septirius,
6410,Strombus marginatus succinctus,
6411,Strombus mutabilis ochroglottis,
6413,Strombus pugilis alatus,
6414,Strombus pugilis pugilis,
6415,Strombus vittatus japonicus,
6416,Strombus vittatus vittatus,
6417,Strophocheilus oblongus musculus,
6418,Succinea luteola floridana,
6421,Tellina radiata inimaculata,
6422,Terebra concava vinosa,
6424,Thais haemastoma biserialis,
6425,Thais haemastoma caniculata,
6426,Thais haemastoma floridana,
6427,Thais haemastoma forbesi,
6428,Thais haemastoma haemastoma,
6429,Thais haemostoma haemostoma,
6430,Thais lapillus bizonalis,
6431,Thais lapillus castanea,
6432,Thais scobina albomarginata,
6433,Tibia vaneospira cancellata,
6434,Trachycystis rivularis densenstriata,
6435,Trilobopsis loricata sonomaensis,
6436,Trivia millardi calvareda,
6437,Tropidophora ligata hartivigiana,
6439,Turbo cidaris cidaris,
6441,Turbonilla pellucida affinis,
6442,Turris crispa crispa,
6444,Umbonium moniliferum costatum,
6446,Vasum muricatum coestus,
6447,Vespericola megasoma euthles,
6448,Vexillum ornatum coccineum,
6449,Vexillum vulpecula juicesii,
6451,Viana regina lirata,
6481,Afrodonta bilamellaris londonensis,
6501,Sassia parkinsonia,
6503,Septa hepatica,
6534,Anisoloma Fauxulus sp. n. smooth,
6548,Haliotis rugosa,
6557,Ilanga bicarinata,
6599,Dendrofissurellum scutellum scutellum,
15894,Trachycystis hairy sp. 1,
15912,Trachycystis SE sp. 1,
15913,Trachycystis SE sp. 2,
15914,Trachycystis FF small,
15917,Trachycystis patera,
15921,Microkerkus maseruensis,
15922,Euonyma siliqua,
15923,Trachycystis ordinaria,
15928,Lymnaea truncatula,